TargetWord,text,PosWordSentence,Item,Cognate_De,Unsure_De,Cognate_Fi,Unsure_Fi
his,his_fifth_absence_was_noted_at_the_meeting.,1,1,,,,
fifth,his_fifth_absence_was_noted_at_the_meeting.,2,1,x,,,
absence,his_fifth_absence_was_noted_at_the_meeting.,3,1,x,,,
was,his_fifth_absence_was_noted_at_the_meeting.,4,1,x,,,
noted,his_fifth_absence_was_noted_at_the_meeting.,5,1,x,,,
at,his_fifth_absence_was_noted_at_the_meeting.,6,1,,,,
the,his_fifth_absence_was_noted_at_the_meeting.,7,1,,,,
meeting.,his_fifth_absence_was_noted_at_the_meeting.,8,1,x,,,
she,she_saw_her_business_acquaintance_at_the_party.,1,2,x,,,
saw,she_saw_her_business_acquaintance_at_the_party.,2,2,x,,,
her,she_saw_her_business_acquaintance_at_the_party.,3,2,,,,
business,she_saw_her_business_acquaintance_at_the_party.,4,2,x,,,
acquaintance,she_saw_her_business_acquaintance_at_the_party.,5,2,,,,
at,she_saw_her_business_acquaintance_at_the_party.,6,2,,,,
the,she_saw_her_business_acquaintance_at_the_party.,7,2,x,,,
party.,she_saw_her_business_acquaintance_at_the_party.,8,2,x,,,
edward,edward_had_the_wrong_address_for_the_night_school.,1,3,,,,
had,edward_had_the_wrong_address_for_the_night_school.,2,3,x,,,
the,edward_had_the_wrong_address_for_the_night_school.,3,3,,,,
wrong,edward_had_the_wrong_address_for_the_night_school.,4,3,,,,
address,edward_had_the_wrong_address_for_the_night_school.,5,3,x,,,
for,edward_had_the_wrong_address_for_the_night_school.,6,3,x,,,
the,edward_had_the_wrong_address_for_the_night_school.,7,3,,,,
night,edward_had_the_wrong_address_for_the_night_school.,8,3,x,,,
school.,edward_had_the_wrong_address_for_the_night_school.,9,3,x,,,
he,he_requested_an_amendment_to_the_current_policy.,1,4,,,,
requested,he_requested_an_amendment_to_the_current_policy.,2,4,,,,
an,he_requested_an_amendment_to_the_current_policy.,3,4,,,,
amendment,he_requested_an_amendment_to_the_current_policy.,4,4,x,very low frequency,,
to,he_requested_an_amendment_to_the_current_policy.,5,4,,,,
the,he_requested_an_amendment_to_the_current_policy.,6,4,,,,
current,he_requested_an_amendment_to_the_current_policy.,7,4,,,,
policy.,he_requested_an_amendment_to_the_current_policy.,8,4,,,,
she,she_pointed_out_the_arctic_on_the_world_map.,1,5,x,,,
pointed,she_pointed_out_the_arctic_on_the_world_map.,2,5,,,,
out,she_pointed_out_the_arctic_on_the_world_map.,3,5,,,,
the,she_pointed_out_the_arctic_on_the_world_map.,4,5,,,,
arctic,she_pointed_out_the_arctic_on_the_world_map.,5,5,x,,x,
on,she_pointed_out_the_arctic_on_the_world_map.,6,5,,,,
the,she_pointed_out_the_arctic_on_the_world_map.,7,5,,,,
world,she_pointed_out_the_arctic_on_the_world_map.,8,5,x,,,
map.,she_pointed_out_the_arctic_on_the_world_map.,9,5,,,,
the,the_cookies_were_causing_many_fights_among_the_children.,1,6,,,,
cookies,the_cookies_were_causing_many_fights_among_the_children.,2,6,x,,,
were,the_cookies_were_causing_many_fights_among_the_children.,3,6,x,,,
causing,the_cookies_were_causing_many_fights_among_the_children.,4,6,x,,,
many,the_cookies_were_causing_many_fights_among_the_children.,5,6,,,,
fights,the_cookies_were_causing_many_fights_among_the_children.,6,6,,,,
among,the_cookies_were_causing_many_fights_among_the_children.,7,6,,,,
the,the_cookies_were_causing_many_fights_among_the_children.,8,6,,,,
children.,the_cookies_were_causing_many_fights_among_the_children.,9,6,,,,
the,the_new_teacher_consistently_forgot_to_take_attendance.,1,7,,,,
new,the_new_teacher_consistently_forgot_to_take_attendance.,2,7,x,,,
teacher,the_new_teacher_consistently_forgot_to_take_attendance.,3,7,,,,
consistently,the_new_teacher_consistently_forgot_to_take_attendance.,4,7,x,,,
forgot,the_new_teacher_consistently_forgot_to_take_attendance.,5,7,x,,,
to,the_new_teacher_consistently_forgot_to_take_attendance.,6,7,,,,
take,the_new_teacher_consistently_forgot_to_take_attendance.,7,7,,,,
attendance.,the_new_teacher_consistently_forgot_to_take_attendance.,8,7,,,,
the,the_journalist_tracked_the_development_of_the_story_overnight.,1,8,,,,
journalist,the_journalist_tracked_the_development_of_the_story_overnight.,2,8,x,,,
tracked,the_journalist_tracked_the_development_of_the_story_overnight.,3,8,,,,
the,the_journalist_tracked_the_development_of_the_story_overnight.,4,8,,,,
development,the_journalist_tracked_the_development_of_the_story_overnight.,5,8,,,,
of,the_journalist_tracked_the_development_of_the_story_overnight.,6,8,,,,
the,the_journalist_tracked_the_development_of_the_story_overnight.,7,8,,,,
story,the_journalist_tracked_the_development_of_the_story_overnight.,8,8,x,,,
overnight.,the_journalist_tracked_the_development_of_the_story_overnight.,9,8,x,,,
the,the_puppy_created_a_disastrous_scene_when_he_was_home_alone.,1,9,,,,
puppy,the_puppy_created_a_disastrous_scene_when_he_was_home_alone.,2,9,,,,
created,the_puppy_created_a_disastrous_scene_when_he_was_home_alone.,3,9,x,,,
a,the_puppy_created_a_disastrous_scene_when_he_was_home_alone.,4,9,,,,
disastrous,the_puppy_created_a_disastrous_scene_when_he_was_home_alone.,5,9,x,,,
scene,the_puppy_created_a_disastrous_scene_when_he_was_home_alone.,6,9,x,,x,Is some times used in spoken Finnish
when,the_puppy_created_a_disastrous_scene_when_he_was_home_alone.,7,9,x,,,
he,the_puppy_created_a_disastrous_scene_when_he_was_home_alone.,8,9,,,,
was,the_puppy_created_a_disastrous_scene_when_he_was_home_alone.,9,9,x,,,
home,the_puppy_created_a_disastrous_scene_when_he_was_home_alone.,10,9,x,,,
alone.,the_puppy_created_a_disastrous_scene_when_he_was_home_alone.,11,9,x,,,
allen,allen_completed_the_equivalent_course_requirement_in_the_summer.,1,10,,,,
completed,allen_completed_the_equivalent_course_requirement_in_the_summer.,2,10,x,,,
the,allen_completed_the_equivalent_course_requirement_in_the_summer.,3,10,,,,
equivalent,allen_completed_the_equivalent_course_requirement_in_the_summer.,4,10,x,,,
course,allen_completed_the_equivalent_course_requirement_in_the_summer.,5,10,x,,x,"this might be but it is not transparent, i.e., kurssi"
requirement,allen_completed_the_equivalent_course_requirement_in_the_summer.,6,10,,,,
in,allen_completed_the_equivalent_course_requirement_in_the_summer.,7,10,x,,,
the,allen_completed_the_equivalent_course_requirement_in_the_summer.,8,10,,,,
summer.,allen_completed_the_equivalent_course_requirement_in_the_summer.,9,10,x,,,
adam,adam_was_grateful_to_be_given_a_second_chance.,1,11,,,,
was,adam_was_grateful_to_be_given_a_second_chance.,2,11,x,,,
grateful,adam_was_grateful_to_be_given_a_second_chance.,3,11,,,,
to,adam_was_grateful_to_be_given_a_second_chance.,4,11,,,,
be,adam_was_grateful_to_be_given_a_second_chance.,5,11,,,,
given,adam_was_grateful_to_be_given_a_second_chance.,6,11,x,,,
a,adam_was_grateful_to_be_given_a_second_chance.,7,11,,,,
second,adam_was_grateful_to_be_given_a_second_chance.,8,11,,,,
chance.,adam_was_grateful_to_be_given_a_second_chance.,9,11,x,,,
the,the_baby_likes_to_imitate_what_his_brother_does.,1,12,,,,
baby,the_baby_likes_to_imitate_what_his_brother_does.,2,12,x,,,
likes,the_baby_likes_to_imitate_what_his_brother_does.,3,12,,,,
to,the_baby_likes_to_imitate_what_his_brother_does.,4,12,,,,
imitate,the_baby_likes_to_imitate_what_his_brother_does.,5,12,x,,x,
what,the_baby_likes_to_imitate_what_his_brother_does.,6,12,x,,,
his,the_baby_likes_to_imitate_what_his_brother_does.,7,12,,,,
brother,the_baby_likes_to_imitate_what_his_brother_does.,8,12,x,,,
does.,the_baby_likes_to_imitate_what_his_brother_does.,9,12,,,,
mark,mark_played_hockey_despite_the_insistence_from_his_doctor_to_stop.,1,13,,,,
played,mark_played_hockey_despite_the_insistence_from_his_doctor_to_stop.,2,13,,,,
hockey,mark_played_hockey_despite_the_insistence_from_his_doctor_to_stop.,3,13,x,,,
despite,mark_played_hockey_despite_the_insistence_from_his_doctor_to_stop.,4,13,,,,
the,mark_played_hockey_despite_the_insistence_from_his_doctor_to_stop.,5,13,,,,
insistence,mark_played_hockey_despite_the_insistence_from_his_doctor_to_stop.,6,13,x,low frequency,,
from,mark_played_hockey_despite_the_insistence_from_his_doctor_to_stop.,7,13,,x,,
his,mark_played_hockey_despite_the_insistence_from_his_doctor_to_stop.,8,13,,,,
doctor,mark_played_hockey_despite_the_insistence_from_his_doctor_to_stop.,9,13,x,,x,"this might be, i.e., tohtori"
to,mark_played_hockey_despite_the_insistence_from_his_doctor_to_stop.,10,13,,,,
stop.,mark_played_hockey_despite_the_insistence_from_his_doctor_to_stop.,11,13,x,,,
every,every_tuesday_the_boy_goes_to_the_library_to_borrow_books.,1,14,,,,
tuesday,every_tuesday_the_boy_goes_to_the_library_to_borrow_books.,2,14,,,,
the,every_tuesday_the_boy_goes_to_the_library_to_borrow_books.,3,14,,,,
boy,every_tuesday_the_boy_goes_to_the_library_to_borrow_books.,4,14,,,,
goes,every_tuesday_the_boy_goes_to_the_library_to_borrow_books.,5,14,x,,,
to,every_tuesday_the_boy_goes_to_the_library_to_borrow_books.,6,14,,,,
the,every_tuesday_the_boy_goes_to_the_library_to_borrow_books.,7,14,,,,
library,every_tuesday_the_boy_goes_to_the_library_to_borrow_books.,8,14,,,,
to,every_tuesday_the_boy_goes_to_the_library_to_borrow_books.,9,14,,,,
borrow,every_tuesday_the_boy_goes_to_the_library_to_borrow_books.,10,14,,,,
books.,every_tuesday_the_boy_goes_to_the_library_to_borrow_books.,11,14,x,,,
she,she_bought_all_of_the_necessary_ingredients_for_dinner.,1,15,x,,,
bought,she_bought_all_of_the_necessary_ingredients_for_dinner.,2,15,,,,
all,she_bought_all_of_the_necessary_ingredients_for_dinner.,3,15,x,,,
of,she_bought_all_of_the_necessary_ingredients_for_dinner.,4,15,,,,
the,she_bought_all_of_the_necessary_ingredients_for_dinner.,5,15,,,,
necessary,she_bought_all_of_the_necessary_ingredients_for_dinner.,6,15,,,,
ingredients,she_bought_all_of_the_necessary_ingredients_for_dinner.,7,15,x,low frequency,,
for,she_bought_all_of_the_necessary_ingredients_for_dinner.,8,15,x,,,
dinner.,she_bought_all_of_the_necessary_ingredients_for_dinner.,9,15,x,,,
it,it_had_not_occurred_to_him_to_buy_food.,1,16,,,,
had,it_had_not_occurred_to_him_to_buy_food.,2,16,x,,,
not,it_had_not_occurred_to_him_to_buy_food.,3,16,x,,,
occurred,it_had_not_occurred_to_him_to_buy_food.,4,16,,,,
to,it_had_not_occurred_to_him_to_buy_food.,5,16,,,,
him,it_had_not_occurred_to_him_to_buy_food.,6,16,,,,
to,it_had_not_occurred_to_him_to_buy_food.,7,16,,,,
buy,it_had_not_occurred_to_him_to_buy_food.,8,16,,,,
food.,it_had_not_occurred_to_him_to_buy_food.,9,16,x,,,
have,have_one_friend_edit_your_work_and_preferably_more_if_you_have_time.,1,17,x,,,
one,have_one_friend_edit_your_work_and_preferably_more_if_you_have_time.,2,17,x,,,
friend,have_one_friend_edit_your_work_and_preferably_more_if_you_have_time.,3,17,x,,,
edit,have_one_friend_edit_your_work_and_preferably_more_if_you_have_time.,4,17,x,,x,
your,have_one_friend_edit_your_work_and_preferably_more_if_you_have_time.,5,17,,,,
work,have_one_friend_edit_your_work_and_preferably_more_if_you_have_time.,6,17,,,,
and,have_one_friend_edit_your_work_and_preferably_more_if_you_have_time.,7,17,x,,,
preferably,have_one_friend_edit_your_work_and_preferably_more_if_you_have_time.,8,17,,,x,there is a noun preferenssi
more,have_one_friend_edit_your_work_and_preferably_more_if_you_have_time.,9,17,x,,,
if,have_one_friend_edit_your_work_and_preferably_more_if_you_have_time.,10,17,,,,
you,have_one_friend_edit_your_work_and_preferably_more_if_you_have_time.,11,17,,x,,
have,have_one_friend_edit_your_work_and_preferably_more_if_you_have_time.,12,17,x,,,
time.,have_one_friend_edit_your_work_and_preferably_more_if_you_have_time.,13,17,,,,
derek,derek_was_upset_his_son_was_quitting_the_varsity_baseball_team.,1,18,,,,
was,derek_was_upset_his_son_was_quitting_the_varsity_baseball_team.,2,18,x,,,
upset,derek_was_upset_his_son_was_quitting_the_varsity_baseball_team.,3,18,,,,
his,derek_was_upset_his_son_was_quitting_the_varsity_baseball_team.,4,18,,,,
son,derek_was_upset_his_son_was_quitting_the_varsity_baseball_team.,5,18,x,,,
was,derek_was_upset_his_son_was_quitting_the_varsity_baseball_team.,6,18,x,,,
quitting,derek_was_upset_his_son_was_quitting_the_varsity_baseball_team.,7,18,,,,
the,derek_was_upset_his_son_was_quitting_the_varsity_baseball_team.,8,18,,,,
varsity,derek_was_upset_his_son_was_quitting_the_varsity_baseball_team.,9,18,,,,
baseball,derek_was_upset_his_son_was_quitting_the_varsity_baseball_team.,10,18,x,,,
team.,derek_was_upset_his_son_was_quitting_the_varsity_baseball_team.,11,18,x,,,
the,the_idea_chloe_proposed_was_ridiculous_and_would_not_be_implemented.,1,19,,,,
idea,the_idea_chloe_proposed_was_ridiculous_and_would_not_be_implemented.,2,19,x,,,
chloe,the_idea_chloe_proposed_was_ridiculous_and_would_not_be_implemented.,3,19,,,,
proposed,the_idea_chloe_proposed_was_ridiculous_and_would_not_be_implemented.,4,19,,,,
was,the_idea_chloe_proposed_was_ridiculous_and_would_not_be_implemented.,5,19,x,,,
ridiculous,the_idea_chloe_proposed_was_ridiculous_and_would_not_be_implemented.,6,19,,,,
and,the_idea_chloe_proposed_was_ridiculous_and_would_not_be_implemented.,7,19,x,,,
would,the_idea_chloe_proposed_was_ridiculous_and_would_not_be_implemented.,8,19,x,,,
not,the_idea_chloe_proposed_was_ridiculous_and_would_not_be_implemented.,9,19,x,,,
be,the_idea_chloe_proposed_was_ridiculous_and_would_not_be_implemented.,10,19,,,,
implemented.,the_idea_chloe_proposed_was_ridiculous_and_would_not_be_implemented.,11,19,x,,x,
he,he_worked_very_closely_with_the_sergeant_after_being_promoted.,1,20,,,,
worked,he_worked_very_closely_with_the_sergeant_after_being_promoted.,2,20,,,,
very,he_worked_very_closely_with_the_sergeant_after_being_promoted.,3,20,,,,
closely,he_worked_very_closely_with_the_sergeant_after_being_promoted.,4,20,,,,
with,he_worked_very_closely_with_the_sergeant_after_being_promoted.,5,20,,x,,
the,he_worked_very_closely_with_the_sergeant_after_being_promoted.,6,20,,,,
sergeant,he_worked_very_closely_with_the_sergeant_after_being_promoted.,7,20,,,,
after,he_worked_very_closely_with_the_sergeant_after_being_promoted.,8,20,,,,
being,he_worked_very_closely_with_the_sergeant_after_being_promoted.,9,20,,,,
promoted.,he_worked_very_closely_with_the_sergeant_after_being_promoted.,10,20,x,low frequency,x,there is a word promootio but it has a completely different semantic field
she,she_looked_for_a_new_tenant_to_rent_the_apartment.,1,21,x,,,
looked,she_looked_for_a_new_tenant_to_rent_the_apartment.,2,21,,,,
for,she_looked_for_a_new_tenant_to_rent_the_apartment.,3,21,x,,,
a,she_looked_for_a_new_tenant_to_rent_the_apartment.,4,21,,,,
new,she_looked_for_a_new_tenant_to_rent_the_apartment.,5,21,x,,,
tenant,she_looked_for_a_new_tenant_to_rent_the_apartment.,6,21,,,,
to,she_looked_for_a_new_tenant_to_rent_the_apartment.,7,21,,,,
rent,she_looked_for_a_new_tenant_to_rent_the_apartment.,8,21,,,,
the,she_looked_for_a_new_tenant_to_rent_the_apartment.,9,21,,,,
apartment.,she_looked_for_a_new_tenant_to_rent_the_apartment.,10,21,x,,,
they,they_left_to_escape_the_tyranny_of_the_oppressive_government.,1,22,,,,
left,they_left_to_escape_the_tyranny_of_the_oppressive_government.,2,22,,x,,
to,they_left_to_escape_the_tyranny_of_the_oppressive_government.,3,22,,,,
escape,they_left_to_escape_the_tyranny_of_the_oppressive_government.,4,22,,,,
the,they_left_to_escape_the_tyranny_of_the_oppressive_government.,5,22,,,,
tyranny,they_left_to_escape_the_tyranny_of_the_oppressive_government.,6,22,x,,x,
of,they_left_to_escape_the_tyranny_of_the_oppressive_government.,7,22,,,,
the,they_left_to_escape_the_tyranny_of_the_oppressive_government.,8,22,,,,
oppressive,they_left_to_escape_the_tyranny_of_the_oppressive_government.,9,22,,,x,
government.,they_left_to_escape_the_tyranny_of_the_oppressive_government.,10,22,,,,
their,their_professor_provided_useful_advice_to_the_first_year_students.,1,23,,,,
professor,their_professor_provided_useful_advice_to_the_first_year_students.,2,23,x,,x,
provided,their_professor_provided_useful_advice_to_the_first_year_students.,3,23,,,,
useful,their_professor_provided_useful_advice_to_the_first_year_students.,4,23,,,,
advice,their_professor_provided_useful_advice_to_the_first_year_students.,5,23,,,,
to,their_professor_provided_useful_advice_to_the_first_year_students.,6,23,,,,
the,their_professor_provided_useful_advice_to_the_first_year_students.,7,23,,,,
first,their_professor_provided_useful_advice_to_the_first_year_students.,8,23,,,,
year,their_professor_provided_useful_advice_to_the_first_year_students.,9,23,x,,,
students.,their_professor_provided_useful_advice_to_the_first_year_students.,10,23,x,,,
the,the_pirate_marked_the_map_wherever_he_travelled.,1,24,,,,
pirate,the_pirate_marked_the_map_wherever_he_travelled.,2,24,x,,x,
marked,the_pirate_marked_the_map_wherever_he_travelled.,3,24,x,,,
the,the_pirate_marked_the_map_wherever_he_travelled.,4,24,,,,
map,the_pirate_marked_the_map_wherever_he_travelled.,5,24,,,,
wherever,the_pirate_marked_the_map_wherever_he_travelled.,6,24,,x,,
he,the_pirate_marked_the_map_wherever_he_travelled.,7,24,,,,
travelled.,the_pirate_marked_the_map_wherever_he_travelled.,8,24,,,,
the,the_police_department_had_absolutely_no_contact_with_the_criminal.,1,25,,,,
police,the_police_department_had_absolutely_no_contact_with_the_criminal.,2,25,x,,x,
department,the_police_department_had_absolutely_no_contact_with_the_criminal.,3,25,x,,,
had,the_police_department_had_absolutely_no_contact_with_the_criminal.,4,25,x,,,
absolutely,the_police_department_had_absolutely_no_contact_with_the_criminal.,5,25,x,,x,
no,the_police_department_had_absolutely_no_contact_with_the_criminal.,6,25,,,,
contact,the_police_department_had_absolutely_no_contact_with_the_criminal.,7,25,x,,x,low frequency as there is a proper Finnish word for this
with,the_police_department_had_absolutely_no_contact_with_the_criminal.,8,25,,x,,
the,the_police_department_had_absolutely_no_contact_with_the_criminal.,9,25,,,,
criminal.,the_police_department_had_absolutely_no_contact_with_the_criminal.,10,25,x,,x,low frequency as there is a proper Finnish word for this
she,she_was_upset_she_only_acquired_half_of_his_assets.,1,26,x,,,
was,she_was_upset_she_only_acquired_half_of_his_assets.,2,26,x,,,
upset,she_was_upset_she_only_acquired_half_of_his_assets.,3,26,,,,
she,she_was_upset_she_only_acquired_half_of_his_assets.,4,26,x,,,
only,she_was_upset_she_only_acquired_half_of_his_assets.,5,26,,,,
acquired,she_was_upset_she_only_acquired_half_of_his_assets.,6,26,,,,
half,she_was_upset_she_only_acquired_half_of_his_assets.,7,26,x,,,
of,she_was_upset_she_only_acquired_half_of_his_assets.,8,26,,,,
his,she_was_upset_she_only_acquired_half_of_his_assets.,9,26,,,,
assets.,she_was_upset_she_only_acquired_half_of_his_assets.,10,26,,,,
he,he_often_had_aggressive_behaviour_when_the_team_lost.,1,27,,,,
often,he_often_had_aggressive_behaviour_when_the_team_lost.,2,27,x,,,
had,he_often_had_aggressive_behaviour_when_the_team_lost.,3,27,x,,,
aggressive,he_often_had_aggressive_behaviour_when_the_team_lost.,4,27,x,,x,
behaviour,he_often_had_aggressive_behaviour_when_the_team_lost.,5,27,,,x,low frequency as there is a proper Finnish word for this
when,he_often_had_aggressive_behaviour_when_the_team_lost.,6,27,x,,,
the,he_often_had_aggressive_behaviour_when_the_team_lost.,7,27,,,,
team,he_often_had_aggressive_behaviour_when_the_team_lost.,8,27,x,,x,there is a Finnish word tiimi but it is not used to mean sport team at least officially
lost.,he_often_had_aggressive_behaviour_when_the_team_lost.,9,27,,x,,
they,they_got_the_wrong_amount_of_shirts_in_the_order.,1,28,,x,,
got,they_got_the_wrong_amount_of_shirts_in_the_order.,2,28,,,,
the,they_got_the_wrong_amount_of_shirts_in_the_order.,3,28,,,,
wrong,they_got_the_wrong_amount_of_shirts_in_the_order.,4,28,,,,
amount,they_got_the_wrong_amount_of_shirts_in_the_order.,5,28,,x,,
of,they_got_the_wrong_amount_of_shirts_in_the_order.,6,28,,,,
shirts,they_got_the_wrong_amount_of_shirts_in_the_order.,7,28,x,,,
in,they_got_the_wrong_amount_of_shirts_in_the_order.,8,28,x,,,
the,they_got_the_wrong_amount_of_shirts_in_the_order.,9,28,,,,
order.,they_got_the_wrong_amount_of_shirts_in_the_order.,10,28,,x,,
he,he_was_bothered_by_the_asymmetric_painting_in_the_office.,1,29,,,,
was,he_was_bothered_by_the_asymmetric_painting_in_the_office.,2,29,x,,,
bothered,he_was_bothered_by_the_asymmetric_painting_in_the_office.,3,29,,,,
by,he_was_bothered_by_the_asymmetric_painting_in_the_office.,4,29,x,,,
the,he_was_bothered_by_the_asymmetric_painting_in_the_office.,5,29,,,,
asymmetric,he_was_bothered_by_the_asymmetric_painting_in_the_office.,6,29,x,,x,
painting,he_was_bothered_by_the_asymmetric_painting_in_the_office.,7,29,,,,
in,he_was_bothered_by_the_asymmetric_painting_in_the_office.,8,29,x,,,
the,he_was_bothered_by_the_asymmetric_painting_in_the_office.,9,29,,,,
office.,he_was_bothered_by_the_asymmetric_painting_in_the_office.,10,29,,x,x,this word some times used In spoken Finnish
they,they_were_unsure_whether_he_committed_the_crime_or_not.,1,30,,,,
were,they_were_unsure_whether_he_committed_the_crime_or_not.,2,30,x,,,
unsure,they_were_unsure_whether_he_committed_the_crime_or_not.,3,30,x,,,
whether,they_were_unsure_whether_he_committed_the_crime_or_not.,4,30,,,,
he,they_were_unsure_whether_he_committed_the_crime_or_not.,5,30,,,,
committed,they_were_unsure_whether_he_committed_the_crime_or_not.,6,30,,,,
the,they_were_unsure_whether_he_committed_the_crime_or_not.,7,30,,,,
crime,they_were_unsure_whether_he_committed_the_crime_or_not.,8,30,x,,,
or,they_were_unsure_whether_he_committed_the_crime_or_not.,9,30,x,,,
not.,they_were_unsure_whether_he_committed_the_crime_or_not.,10,30,,,,
she,she_responded_very_coolly_to_his_request_to_meet_up.,1,31,x,,,
responded,she_responded_very_coolly_to_his_request_to_meet_up.,2,31,,,,
very,she_responded_very_coolly_to_his_request_to_meet_up.,3,31,,,,
coolly,she_responded_very_coolly_to_his_request_to_meet_up.,4,31,x,,,
to,she_responded_very_coolly_to_his_request_to_meet_up.,5,31,,,,
his,she_responded_very_coolly_to_his_request_to_meet_up.,6,31,,,,
request,she_responded_very_coolly_to_his_request_to_meet_up.,7,31,,,,
to,she_responded_very_coolly_to_his_request_to_meet_up.,8,31,,,,
meet,she_responded_very_coolly_to_his_request_to_meet_up.,9,31,,,,
up.,she_responded_very_coolly_to_his_request_to_meet_up.,10,31,,,,
the,the_python_had_disappeared_from_the_cage.,1,32,,,,
python,the_python_had_disappeared_from_the_cage.,2,32,x,,x,
had,the_python_had_disappeared_from_the_cage.,3,32,x,,,
disappeared,the_python_had_disappeared_from_the_cage.,4,32,,,,
from,the_python_had_disappeared_from_the_cage.,5,32,x,,,
the,the_python_had_disappeared_from_the_cage.,6,32,,,,
cage.,the_python_had_disappeared_from_the_cage.,7,32,x,,,
she,she_apologized_for_embarrassing_her_daughter_at_school.,1,33,x,,,
apologized,she_apologized_for_embarrassing_her_daughter_at_school.,2,33,,,,
for,she_apologized_for_embarrassing_her_daughter_at_school.,3,33,x,,,
embarrassing,she_apologized_for_embarrassing_her_daughter_at_school.,4,33,,,,
her,she_apologized_for_embarrassing_her_daughter_at_school.,5,33,,,,
daughter,she_apologized_for_embarrassing_her_daughter_at_school.,6,33,,,,
at,she_apologized_for_embarrassing_her_daughter_at_school.,7,33,,,,
school.,she_apologized_for_embarrassing_her_daughter_at_school.,8,33,x,,,
they,they_argued_over_the_existence_of_aliens_for_several_months.,1,34,,x,,
argued,they_argued_over_the_existence_of_aliens_for_several_months.,2,34,x,,,
over,they_argued_over_the_existence_of_aliens_for_several_months.,3,34,,x,,
the,they_argued_over_the_existence_of_aliens_for_several_months.,4,34,,,,
existence,they_argued_over_the_existence_of_aliens_for_several_months.,5,34,x,,x,
of,they_argued_over_the_existence_of_aliens_for_several_months.,6,34,,,,
aliens,they_argued_over_the_existence_of_aliens_for_several_months.,7,34,x,,x,this word some times used In spoken Finnish
for,they_argued_over_the_existence_of_aliens_for_several_months.,8,34,x,,,
several,they_argued_over_the_existence_of_aliens_for_several_months.,9,34,,,,
months.,they_argued_over_the_existence_of_aliens_for_several_months.,10,34,x,,,
the,the_children_continued_to_harass_the_supply_teacher.,1,35,,,,
children,the_children_continued_to_harass_the_supply_teacher.,2,35,,,,
continued,the_children_continued_to_harass_the_supply_teacher.,3,35,x,,,
to,the_children_continued_to_harass_the_supply_teacher.,4,35,,,,
harass,the_children_continued_to_harass_the_supply_teacher.,5,35,,,,
the,the_children_continued_to_harass_the_supply_teacher.,6,35,,,,
supply,the_children_continued_to_harass_the_supply_teacher.,7,35,,,,
teacher.,the_children_continued_to_harass_the_supply_teacher.,8,35,,,,
eric,eric_was_the_most_independent_student_in_the_class.,1,36,,,,
was,eric_was_the_most_independent_student_in_the_class.,2,36,x,,,
the,eric_was_the_most_independent_student_in_the_class.,3,36,,,,
most,eric_was_the_most_independent_student_in_the_class.,4,36,x,,,
independent,eric_was_the_most_independent_student_in_the_class.,5,36,,,,
student,eric_was_the_most_independent_student_in_the_class.,6,36,x,,,
in,eric_was_the_most_independent_student_in_the_class.,7,36,x,,,
the,eric_was_the_most_independent_student_in_the_class.,8,36,,,,
class.,eric_was_the_most_independent_student_in_the_class.,9,36,x,,,
the,the_speaker_disregarded_the_irrelevant_questions_after_the_talk.,1,37,,,,
speaker,the_speaker_disregarded_the_irrelevant_questions_after_the_talk.,2,37,x,,,
disregarded,the_speaker_disregarded_the_irrelevant_questions_after_the_talk.,3,37,,,,
the,the_speaker_disregarded_the_irrelevant_questions_after_the_talk.,4,37,,,,
irrelevant,the_speaker_disregarded_the_irrelevant_questions_after_the_talk.,5,37,x,,x,
questions,the_speaker_disregarded_the_irrelevant_questions_after_the_talk.,6,37,,,,
after,the_speaker_disregarded_the_irrelevant_questions_after_the_talk.,7,37,,,,
the,the_speaker_disregarded_the_irrelevant_questions_after_the_talk.,8,37,,,,
talk.,the_speaker_disregarded_the_irrelevant_questions_after_the_talk.,9,37,,,,
chris,chris_walked_for_five_minutes_to_reach_the_lot_he_had_parked_his_car_in.,1,38,,,,
walked,chris_walked_for_five_minutes_to_reach_the_lot_he_had_parked_his_car_in.,2,38,,,,
for,chris_walked_for_five_minutes_to_reach_the_lot_he_had_parked_his_car_in.,3,38,x,,,
five,chris_walked_for_five_minutes_to_reach_the_lot_he_had_parked_his_car_in.,4,38,x,,,
minutes,chris_walked_for_five_minutes_to_reach_the_lot_he_had_parked_his_car_in.,5,38,x,,,
to,chris_walked_for_five_minutes_to_reach_the_lot_he_had_parked_his_car_in.,6,38,,,,
reach,chris_walked_for_five_minutes_to_reach_the_lot_he_had_parked_his_car_in.,7,38,x,,,
the,chris_walked_for_five_minutes_to_reach_the_lot_he_had_parked_his_car_in.,8,38,,,,
lot,chris_walked_for_five_minutes_to_reach_the_lot_he_had_parked_his_car_in.,9,38,,,,
he,chris_walked_for_five_minutes_to_reach_the_lot_he_had_parked_his_car_in.,10,38,,,,
had,chris_walked_for_five_minutes_to_reach_the_lot_he_had_parked_his_car_in.,11,38,x,,,
parked,chris_walked_for_five_minutes_to_reach_the_lot_he_had_parked_his_car_in.,12,38,x,,x,
his,chris_walked_for_five_minutes_to_reach_the_lot_he_had_parked_his_car_in.,13,38,,,,
car,chris_walked_for_five_minutes_to_reach_the_lot_he_had_parked_his_car_in.,14,38,,,,
in.,chris_walked_for_five_minutes_to_reach_the_lot_he_had_parked_his_car_in.,15,38,x,,,
he,he_took_his_niece_to_play_at_the_park.,1,39,,,,
took,he_took_his_niece_to_play_at_the_park.,2,39,,,,
his,he_took_his_niece_to_play_at_the_park.,3,39,,,,
niece,he_took_his_niece_to_play_at_the_park.,4,39,x,,,
to,he_took_his_niece_to_play_at_the_park.,5,39,,,,
play,he_took_his_niece_to_play_at_the_park.,6,39,,,,
at,he_took_his_niece_to_play_at_the_park.,7,39,,,,
the,he_took_his_niece_to_play_at_the_park.,8,39,,,,
park.,he_took_his_niece_to_play_at_the_park.,9,39,x,,,
larry,larry_was_scared_of_how_powerful_his_brother_had_become.,1,40,,,,
was,larry_was_scared_of_how_powerful_his_brother_had_become.,2,40,x,,,
scared,larry_was_scared_of_how_powerful_his_brother_had_become.,3,40,,,,
of,larry_was_scared_of_how_powerful_his_brother_had_become.,4,40,,,,
how,larry_was_scared_of_how_powerful_his_brother_had_become.,5,40,,,,
powerful,larry_was_scared_of_how_powerful_his_brother_had_become.,6,40,,x,,
his,larry_was_scared_of_how_powerful_his_brother_had_become.,7,40,,,,
brother,larry_was_scared_of_how_powerful_his_brother_had_become.,8,40,x,,,
had,larry_was_scared_of_how_powerful_his_brother_had_become.,9,40,x,,,
become.,larry_was_scared_of_how_powerful_his_brother_had_become.,10,40,,is a false friend,,
they,they_produced_several_propaganda_films_before_the_election.,1,41,,x,,
produced,they_produced_several_propaganda_films_before_the_election.,2,41,x,,,
several,they_produced_several_propaganda_films_before_the_election.,3,41,,,,
propaganda,they_produced_several_propaganda_films_before_the_election.,4,41,x,,x,
films,they_produced_several_propaganda_films_before_the_election.,5,41,x,,x,there is a proper Finnish word
before,they_produced_several_propaganda_films_before_the_election.,6,41,x,,,
the,they_produced_several_propaganda_films_before_the_election.,7,41,,,,
election.,they_produced_several_propaganda_films_before_the_election.,8,41,,,,
she,she_liked_her_own_recipe_of_lasagna_better.,1,42,x,,,
liked,she_liked_her_own_recipe_of_lasagna_better.,2,42,,,,
her,she_liked_her_own_recipe_of_lasagna_better.,3,42,,,,
own,she_liked_her_own_recipe_of_lasagna_better.,4,42,,,,
recipe,she_liked_her_own_recipe_of_lasagna_better.,5,42,x,,,
of,she_liked_her_own_recipe_of_lasagna_better.,6,42,,,,
lasagna,she_liked_her_own_recipe_of_lasagna_better.,7,42,x,,x,
better.,she_liked_her_own_recipe_of_lasagna_better.,8,42,x,,,
they,they_installed_the_satellite_dish_to_the_roof.,1,43,,x,,
installed,they_installed_the_satellite_dish_to_the_roof.,2,43,x,,,
the,they_installed_the_satellite_dish_to_the_roof.,3,43,,,,
satellite,they_installed_the_satellite_dish_to_the_roof.,4,43,x,,x,
dish,they_installed_the_satellite_dish_to_the_roof.,5,43,x,,,
to,they_installed_the_satellite_dish_to_the_roof.,6,43,,,,
the,they_installed_the_satellite_dish_to_the_roof.,7,43,,,,
roof.,they_installed_the_satellite_dish_to_the_roof.,8,43,,,,
she,she_hoped_to_be_a_successful_cartoon_artist_one_day.,1,44,x,,,
hoped,she_hoped_to_be_a_successful_cartoon_artist_one_day.,2,44,x,,,
to,she_hoped_to_be_a_successful_cartoon_artist_one_day.,3,44,,,,
be,she_hoped_to_be_a_successful_cartoon_artist_one_day.,4,44,,,,
a,she_hoped_to_be_a_successful_cartoon_artist_one_day.,5,44,,,,
successful,she_hoped_to_be_a_successful_cartoon_artist_one_day.,6,44,,,,
cartoon,she_hoped_to_be_a_successful_cartoon_artist_one_day.,7,44,x,,,
artist,she_hoped_to_be_a_successful_cartoon_artist_one_day.,8,44,x,,x,
one,she_hoped_to_be_a_successful_cartoon_artist_one_day.,9,44,x,,,
day.,she_hoped_to_be_a_successful_cartoon_artist_one_day.,10,44,,,,
brian,brian_hoped_that_tomorrow_would_be_a_better_day.,1,45,,,,
hoped,brian_hoped_that_tomorrow_would_be_a_better_day.,2,45,x,,,
that,brian_hoped_that_tomorrow_would_be_a_better_day.,3,45,x,,,
tomorrow,brian_hoped_that_tomorrow_would_be_a_better_day.,4,45,,x,,
would,brian_hoped_that_tomorrow_would_be_a_better_day.,5,45,x,,,
be,brian_hoped_that_tomorrow_would_be_a_better_day.,6,45,,,,
a,brian_hoped_that_tomorrow_would_be_a_better_day.,7,45,,,,
better,brian_hoped_that_tomorrow_would_be_a_better_day.,8,45,x,,,
day.,brian_hoped_that_tomorrow_would_be_a_better_day.,9,45,,,,
jeans,jeans_and_sweatpants_are_unacceptable_work_attire.,1,46,x,,,
and,jeans_and_sweatpants_are_unacceptable_work_attire.,2,46,x,,,
sweatpants,jeans_and_sweatpants_are_unacceptable_work_attire.,3,46,,,,
are,jeans_and_sweatpants_are_unacceptable_work_attire.,4,46,,,,
unacceptable,jeans_and_sweatpants_are_unacceptable_work_attire.,5,46,x,,,
work,jeans_and_sweatpants_are_unacceptable_work_attire.,6,46,,,,
attire.,jeans_and_sweatpants_are_unacceptable_work_attire.,7,46,,,,
the,the_old_vacuum_broke_after_fifty_years.,1,47,,,,
old,the_old_vacuum_broke_after_fifty_years.,2,47,x,,,
vacuum,the_old_vacuum_broke_after_fifty_years.,3,47,,,,
broke,the_old_vacuum_broke_after_fifty_years.,4,47,,,,
after,the_old_vacuum_broke_after_fifty_years.,5,47,,,,
fifty,the_old_vacuum_broke_after_fifty_years.,6,47,x,,,
years.,the_old_vacuum_broke_after_fifty_years.,7,47,,x,,
the,the_young_athlete_achieved_his_goal_with_the_help_of_his_coach.,1,48,,,,
young,the_young_athlete_achieved_his_goal_with_the_help_of_his_coach.,2,48,x,,,
athlete,the_young_athlete_achieved_his_goal_with_the_help_of_his_coach.,3,48,x,,,
achieved,the_young_athlete_achieved_his_goal_with_the_help_of_his_coach.,4,48,,,,
his,the_young_athlete_achieved_his_goal_with_the_help_of_his_coach.,5,48,,,,
goal,the_young_athlete_achieved_his_goal_with_the_help_of_his_coach.,6,48,,,,
with,the_young_athlete_achieved_his_goal_with_the_help_of_his_coach.,7,48,,x,,
the,the_young_athlete_achieved_his_goal_with_the_help_of_his_coach.,8,48,,,,
help,the_young_athlete_achieved_his_goal_with_the_help_of_his_coach.,9,48,x,,,
of,the_young_athlete_achieved_his_goal_with_the_help_of_his_coach.,10,48,,,,
his,the_young_athlete_achieved_his_goal_with_the_help_of_his_coach.,11,48,,,,
coach.,the_young_athlete_achieved_his_goal_with_the_help_of_his_coach.,12,48,x,,,
she,she_spotted_him_dancing_across_the_banquet_hall.,1,49,x,,,
spotted,she_spotted_him_dancing_across_the_banquet_hall.,2,49,,,,
him,she_spotted_him_dancing_across_the_banquet_hall.,3,49,,,,
dancing,she_spotted_him_dancing_across_the_banquet_hall.,4,49,x,,,
across,she_spotted_him_dancing_across_the_banquet_hall.,5,49,,,,
the,she_spotted_him_dancing_across_the_banquet_hall.,6,49,,,,
banquet,she_spotted_him_dancing_across_the_banquet_hall.,7,49,x,,x,
hall.,she_spotted_him_dancing_across_the_banquet_hall.,8,49,x,,,
she,she_signed_up_for_the_amateur_level_baking_classes.,1,50,x,,,
signed,she_signed_up_for_the_amateur_level_baking_classes.,2,50,x,,,
up,she_signed_up_for_the_amateur_level_baking_classes.,3,50,,,,
for,she_signed_up_for_the_amateur_level_baking_classes.,4,50,x,,,
the,she_signed_up_for_the_amateur_level_baking_classes.,5,50,,,,
amateur,she_signed_up_for_the_amateur_level_baking_classes.,6,50,x,,x,
level,she_signed_up_for_the_amateur_level_baking_classes.,7,50,x,,,
baking,she_signed_up_for_the_amateur_level_baking_classes.,8,50,x,,,
classes.,she_signed_up_for_the_amateur_level_baking_classes.,9,50,x,,,
hugh,hugh_was_apparently_disgruntled_after_the_fight.,1,51,,,,
was,hugh_was_apparently_disgruntled_after_the_fight.,2,51,x,,,
apparently,hugh_was_apparently_disgruntled_after_the_fight.,3,51,,,,
disgruntled,hugh_was_apparently_disgruntled_after_the_fight.,4,51,,,,
after,hugh_was_apparently_disgruntled_after_the_fight.,5,51,,,,
the,hugh_was_apparently_disgruntled_after_the_fight.,6,51,,,,
fight.,hugh_was_apparently_disgruntled_after_the_fight.,7,51,,,,
he,he_made_sure_to_put_on_his_camouflage_gear_before_going_out.,1,52,,,,
made,he_made_sure_to_put_on_his_camouflage_gear_before_going_out.,2,52,x,,,
sure,he_made_sure_to_put_on_his_camouflage_gear_before_going_out.,3,52,x,,,
to,he_made_sure_to_put_on_his_camouflage_gear_before_going_out.,4,52,,,,
put,he_made_sure_to_put_on_his_camouflage_gear_before_going_out.,5,52,,,,
on,he_made_sure_to_put_on_his_camouflage_gear_before_going_out.,6,52,x,,,
his,he_made_sure_to_put_on_his_camouflage_gear_before_going_out.,7,52,,,,
camouflage,he_made_sure_to_put_on_his_camouflage_gear_before_going_out.,8,52,x,,,
gear,he_made_sure_to_put_on_his_camouflage_gear_before_going_out.,9,52,,,,
before,he_made_sure_to_put_on_his_camouflage_gear_before_going_out.,10,52,x,,,
going,he_made_sure_to_put_on_his_camouflage_gear_before_going_out.,11,52,,x,,
out.,he_made_sure_to_put_on_his_camouflage_gear_before_going_out.,12,52,,x,,
the,the_board_required_a_consensus_to_accept_the_bylaw.,1,53,,,,
board,the_board_required_a_consensus_to_accept_the_bylaw.,2,53,x,,,
required,the_board_required_a_consensus_to_accept_the_bylaw.,3,53,,,,
a,the_board_required_a_consensus_to_accept_the_bylaw.,4,53,,,,
consensus,the_board_required_a_consensus_to_accept_the_bylaw.,5,53,x,,x,
to,the_board_required_a_consensus_to_accept_the_bylaw.,6,53,,,,
accept,the_board_required_a_consensus_to_accept_the_bylaw.,7,53,x,,,
the,the_board_required_a_consensus_to_accept_the_bylaw.,8,53,,,,
bylaw.,the_board_required_a_consensus_to_accept_the_bylaw.,9,53,,,,
claire,claire_had_never_been_more_desperate_for_water_after_the_hike.,1,54,,,,
had,claire_had_never_been_more_desperate_for_water_after_the_hike.,2,54,x,,,
never,claire_had_never_been_more_desperate_for_water_after_the_hike.,3,54,x,,,
been,claire_had_never_been_more_desperate_for_water_after_the_hike.,4,54,,,,
more,claire_had_never_been_more_desperate_for_water_after_the_hike.,5,54,x,,,
desperate,claire_had_never_been_more_desperate_for_water_after_the_hike.,6,54,,,,
for,claire_had_never_been_more_desperate_for_water_after_the_hike.,7,54,x,,,
water,claire_had_never_been_more_desperate_for_water_after_the_hike.,8,54,x,,,
after,claire_had_never_been_more_desperate_for_water_after_the_hike.,9,54,,,,
the,claire_had_never_been_more_desperate_for_water_after_the_hike.,10,54,,,,
hike.,claire_had_never_been_more_desperate_for_water_after_the_hike.,11,54,,,,
she,she_did_not_want_to_disappoint_her_parents_with_her_grades.,1,55,x,,,
did,she_did_not_want_to_disappoint_her_parents_with_her_grades.,2,55,,x,,
not,she_did_not_want_to_disappoint_her_parents_with_her_grades.,3,55,,x,,
want,she_did_not_want_to_disappoint_her_parents_with_her_grades.,4,55,,,,
to,she_did_not_want_to_disappoint_her_parents_with_her_grades.,5,55,,,,
disappoint,she_did_not_want_to_disappoint_her_parents_with_her_grades.,6,55,,,,
her,she_did_not_want_to_disappoint_her_parents_with_her_grades.,7,55,,,,
parents,she_did_not_want_to_disappoint_her_parents_with_her_grades.,8,55,,,,
with,she_did_not_want_to_disappoint_her_parents_with_her_grades.,9,55,,x,,
her,she_did_not_want_to_disappoint_her_parents_with_her_grades.,10,55,,,,
grades.,she_did_not_want_to_disappoint_her_parents_with_her_grades.,11,55,,,,
the,the_soil_was_embedded_in_the_grooves_of_the_shoe.,1,56,,,,
soil,the_soil_was_embedded_in_the_grooves_of_the_shoe.,2,56,,,,
was,the_soil_was_embedded_in_the_grooves_of_the_shoe.,3,56,x,,,
embedded,the_soil_was_embedded_in_the_grooves_of_the_shoe.,4,56,x,,,
in,the_soil_was_embedded_in_the_grooves_of_the_shoe.,5,56,x,,,
the,the_soil_was_embedded_in_the_grooves_of_the_shoe.,6,56,,,,
grooves,the_soil_was_embedded_in_the_grooves_of_the_shoe.,7,56,,,,
of,the_soil_was_embedded_in_the_grooves_of_the_shoe.,8,56,,,,
the,the_soil_was_embedded_in_the_grooves_of_the_shoe.,9,56,,,,
shoe.,the_soil_was_embedded_in_the_grooves_of_the_shoe.,10,56,x,,,
she,she_exchanged_her_foreign_currency_at_the_bank.,1,57,x,,,
exchanged,she_exchanged_her_foreign_currency_at_the_bank.,2,57,,,,
her,she_exchanged_her_foreign_currency_at_the_bank.,3,57,,,,
foreign,she_exchanged_her_foreign_currency_at_the_bank.,4,57,,,,
currency,she_exchanged_her_foreign_currency_at_the_bank.,5,57,,,,
at,she_exchanged_her_foreign_currency_at_the_bank.,6,57,,,,
the,she_exchanged_her_foreign_currency_at_the_bank.,7,57,,,,
bank.,she_exchanged_her_foreign_currency_at_the_bank.,8,57,x,,x,
no,no_one_found_his_actions_humorous_after_his_rude_comments.,1,58,,,,
one,no_one_found_his_actions_humorous_after_his_rude_comments.,2,58,x,,,
found,no_one_found_his_actions_humorous_after_his_rude_comments.,3,58,x,,,
his,no_one_found_his_actions_humorous_after_his_rude_comments.,4,58,,,,
actions,no_one_found_his_actions_humorous_after_his_rude_comments.,5,58,x,,,
humorous,no_one_found_his_actions_humorous_after_his_rude_comments.,6,58,x,,x,
after,no_one_found_his_actions_humorous_after_his_rude_comments.,7,58,,,,
his,no_one_found_his_actions_humorous_after_his_rude_comments.,8,58,,,,
rude,no_one_found_his_actions_humorous_after_his_rude_comments.,9,58,,,,
comments.,no_one_found_his_actions_humorous_after_his_rude_comments.,10,58,x,,x,
they,they_agreed_that_she_was_innocent_of_the_crime.,1,59,,,,
agreed,they_agreed_that_she_was_innocent_of_the_crime.,2,59,,,,
that,they_agreed_that_she_was_innocent_of_the_crime.,3,59,x,,,
she,they_agreed_that_she_was_innocent_of_the_crime.,4,59,x,,,
was,they_agreed_that_she_was_innocent_of_the_crime.,5,59,x,,,
innocent,they_agreed_that_she_was_innocent_of_the_crime.,6,59,,,,
of,they_agreed_that_she_was_innocent_of_the_crime.,7,59,,,,
the,they_agreed_that_she_was_innocent_of_the_crime.,8,59,,,,
crime.,they_agreed_that_she_was_innocent_of_the_crime.,9,59,x,,,
the,the_door_of_the_laboratory_was_left_open_overnight.,1,60,,,,
door,the_door_of_the_laboratory_was_left_open_overnight.,2,60,,x,,
of,the_door_of_the_laboratory_was_left_open_overnight.,3,60,,,,
the,the_door_of_the_laboratory_was_left_open_overnight.,4,60,,,,
laboratory,the_door_of_the_laboratory_was_left_open_overnight.,5,60,x,,x,
was,the_door_of_the_laboratory_was_left_open_overnight.,6,60,x,,,
left,the_door_of_the_laboratory_was_left_open_overnight.,7,60,,,,
open,the_door_of_the_laboratory_was_left_open_overnight.,8,60,x,,,
overnight.,the_door_of_the_laboratory_was_left_open_overnight.,9,60,x,,,
the,the_person_in_charge_of_maintenance_was_not_doing_his_job.,1,61,,,,
person,the_person_in_charge_of_maintenance_was_not_doing_his_job.,2,61,x,,,
in,the_person_in_charge_of_maintenance_was_not_doing_his_job.,3,61,x,,,
charge,the_person_in_charge_of_maintenance_was_not_doing_his_job.,4,61,,,,
of,the_person_in_charge_of_maintenance_was_not_doing_his_job.,5,61,,,,
maintenance,the_person_in_charge_of_maintenance_was_not_doing_his_job.,6,61,,,,
was,the_person_in_charge_of_maintenance_was_not_doing_his_job.,7,61,x,,,
not,the_person_in_charge_of_maintenance_was_not_doing_his_job.,8,61,,x,,
doing,the_person_in_charge_of_maintenance_was_not_doing_his_job.,9,61,,,,
his,the_person_in_charge_of_maintenance_was_not_doing_his_job.,10,61,,,,
job.,the_person_in_charge_of_maintenance_was_not_doing_his_job.,11,61,x,,,
ella,ella_was_excited_to_begin_the_novel_she_had_to_read_for_class.,1,62,,,,
was,ella_was_excited_to_begin_the_novel_she_had_to_read_for_class.,2,62,x,,,
excited,ella_was_excited_to_begin_the_novel_she_had_to_read_for_class.,3,62,,,,
to,ella_was_excited_to_begin_the_novel_she_had_to_read_for_class.,4,62,,,,
begin,ella_was_excited_to_begin_the_novel_she_had_to_read_for_class.,5,62,x,,,
the,ella_was_excited_to_begin_the_novel_she_had_to_read_for_class.,6,62,,,,
novel,ella_was_excited_to_begin_the_novel_she_had_to_read_for_class.,7,62,x,,x,"has a different meaning, i.e., short story"
she,ella_was_excited_to_begin_the_novel_she_had_to_read_for_class.,8,62,x,,,
had,ella_was_excited_to_begin_the_novel_she_had_to_read_for_class.,9,62,x,,,
to,ella_was_excited_to_begin_the_novel_she_had_to_read_for_class.,10,62,,,,
read,ella_was_excited_to_begin_the_novel_she_had_to_read_for_class.,11,62,,,,
for,ella_was_excited_to_begin_the_novel_she_had_to_read_for_class.,12,62,x,,,
class.,ella_was_excited_to_begin_the_novel_she_had_to_read_for_class.,13,62,x,,,
trivia,trivia_night_preceded_karaoke_at_the_restaurant.,1,63,x,,x,
night,trivia_night_preceded_karaoke_at_the_restaurant.,2,63,x,,,
preceded,trivia_night_preceded_karaoke_at_the_restaurant.,3,63,,,,
karaoke,trivia_night_preceded_karaoke_at_the_restaurant.,4,63,x,,x,
at,trivia_night_preceded_karaoke_at_the_restaurant.,5,63,,,,
the,trivia_night_preceded_karaoke_at_the_restaurant.,6,63,,,,
restaurant.,trivia_night_preceded_karaoke_at_the_restaurant.,7,63,x,,,
olly,olly_was_nervous_they_would_publicly_announce_his_mistake.,1,64,,,,
was,olly_was_nervous_they_would_publicly_announce_his_mistake.,2,64,x,,,
nervous,olly_was_nervous_they_would_publicly_announce_his_mistake.,3,64,x,,,
they,olly_was_nervous_they_would_publicly_announce_his_mistake.,4,64,,x,,
would,olly_was_nervous_they_would_publicly_announce_his_mistake.,5,64,x,,,
publicly,olly_was_nervous_they_would_publicly_announce_his_mistake.,6,64,,,,
announce,olly_was_nervous_they_would_publicly_announce_his_mistake.,7,64,,x,,
his,olly_was_nervous_they_would_publicly_announce_his_mistake.,8,64,,,,
mistake.,olly_was_nervous_they_would_publicly_announce_his_mistake.,9,64,,,,
the,the_supply_teacher_kept_referring_to_her_by_the_wrong_name.,1,65,,,,
supply,the_supply_teacher_kept_referring_to_her_by_the_wrong_name.,2,65,,,,
teacher,the_supply_teacher_kept_referring_to_her_by_the_wrong_name.,3,65,,,,
kept,the_supply_teacher_kept_referring_to_her_by_the_wrong_name.,4,65,,,,
referring,the_supply_teacher_kept_referring_to_her_by_the_wrong_name.,5,65,x,,,
to,the_supply_teacher_kept_referring_to_her_by_the_wrong_name.,6,65,,,,
her,the_supply_teacher_kept_referring_to_her_by_the_wrong_name.,7,65,,,,
by,the_supply_teacher_kept_referring_to_her_by_the_wrong_name.,8,65,,,,
the,the_supply_teacher_kept_referring_to_her_by_the_wrong_name.,9,65,,,,
wrong,the_supply_teacher_kept_referring_to_her_by_the_wrong_name.,10,65,,,,
name.,the_supply_teacher_kept_referring_to_her_by_the_wrong_name.,11,65,x,,,
the,the_siblings_were_placed_in_separate_classes_in_the_school.,1,66,,,,
siblings,the_siblings_were_placed_in_separate_classes_in_the_school.,2,66,,,,
were,the_siblings_were_placed_in_separate_classes_in_the_school.,3,66,x,,,
placed,the_siblings_were_placed_in_separate_classes_in_the_school.,4,66,x,,,
in,the_siblings_were_placed_in_separate_classes_in_the_school.,5,66,x,,,
separate,the_siblings_were_placed_in_separate_classes_in_the_school.,6,66,x,,x,"can be used some context, like political movement"
classes,the_siblings_were_placed_in_separate_classes_in_the_school.,7,66,x,,,
in,the_siblings_were_placed_in_separate_classes_in_the_school.,8,66,x,,,
the,the_siblings_were_placed_in_separate_classes_in_the_school.,9,66,,,,
school.,the_siblings_were_placed_in_separate_classes_in_the_school.,10,66,x,,,
she,she_likes_to_surprise_her_friends_for_dinner.,1,67,x,,,
likes,she_likes_to_surprise_her_friends_for_dinner.,2,67,,,,
to,she_likes_to_surprise_her_friends_for_dinner.,3,67,,,,
surprise,she_likes_to_surprise_her_friends_for_dinner.,4,67,,,,
her,she_likes_to_surprise_her_friends_for_dinner.,5,67,,,,
friends,she_likes_to_surprise_her_friends_for_dinner.,6,67,x,,,
for,she_likes_to_surprise_her_friends_for_dinner.,7,67,x,,,
dinner.,she_likes_to_surprise_her_friends_for_dinner.,8,67,x,,,
last,last_night_the_patient_was_transferred_to_the_intensive_care_unit.,1,68,x,,,
night,last_night_the_patient_was_transferred_to_the_intensive_care_unit.,2,68,x,,,
the,last_night_the_patient_was_transferred_to_the_intensive_care_unit.,3,68,,,,
patient,last_night_the_patient_was_transferred_to_the_intensive_care_unit.,4,68,x,,,
was,last_night_the_patient_was_transferred_to_the_intensive_care_unit.,5,68,x,,,
transferred,last_night_the_patient_was_transferred_to_the_intensive_care_unit.,6,68,x,,,
to,last_night_the_patient_was_transferred_to_the_intensive_care_unit.,7,68,,,,
the,last_night_the_patient_was_transferred_to_the_intensive_care_unit.,8,68,,,,
intensive,last_night_the_patient_was_transferred_to_the_intensive_care_unit.,9,68,x,,x,
care,last_night_the_patient_was_transferred_to_the_intensive_care_unit.,10,68,,,,
unit.,last_night_the_patient_was_transferred_to_the_intensive_care_unit.,11,68,,x,,
she,she_stayed_in_the_mall_until_the_security_asked_her_to_leave.,1,69,x,,,
stayed,she_stayed_in_the_mall_until_the_security_asked_her_to_leave.,2,69,,,,
in,she_stayed_in_the_mall_until_the_security_asked_her_to_leave.,3,69,x,,,
the,she_stayed_in_the_mall_until_the_security_asked_her_to_leave.,4,69,,,,
mall,she_stayed_in_the_mall_until_the_security_asked_her_to_leave.,5,69,,,,
until,she_stayed_in_the_mall_until_the_security_asked_her_to_leave.,6,69,,,,
the,she_stayed_in_the_mall_until_the_security_asked_her_to_leave.,7,69,,,,
security,she_stayed_in_the_mall_until_the_security_asked_her_to_leave.,8,69,x,,,
asked,she_stayed_in_the_mall_until_the_security_asked_her_to_leave.,9,69,,,,
her,she_stayed_in_the_mall_until_the_security_asked_her_to_leave.,10,69,,,,
to,she_stayed_in_the_mall_until_the_security_asked_her_to_leave.,11,69,,,,
leave.,she_stayed_in_the_mall_until_the_security_asked_her_to_leave.,12,69,,x,,
the,the_boy_was_scared_of_the_weird_cat_that_lived_next_door.,1,70,,,,
boy,the_boy_was_scared_of_the_weird_cat_that_lived_next_door.,2,70,,,,
was,the_boy_was_scared_of_the_weird_cat_that_lived_next_door.,3,70,x,,,
scared,the_boy_was_scared_of_the_weird_cat_that_lived_next_door.,4,70,,,,
of,the_boy_was_scared_of_the_weird_cat_that_lived_next_door.,5,70,,,,
the,the_boy_was_scared_of_the_weird_cat_that_lived_next_door.,6,70,,,,
weird,the_boy_was_scared_of_the_weird_cat_that_lived_next_door.,7,70,,,,
cat,the_boy_was_scared_of_the_weird_cat_that_lived_next_door.,8,70,x,,,
that,the_boy_was_scared_of_the_weird_cat_that_lived_next_door.,9,70,x,,,
lived,the_boy_was_scared_of_the_weird_cat_that_lived_next_door.,10,70,x,,,
next,the_boy_was_scared_of_the_weird_cat_that_lived_next_door.,11,70,x,,,
door.,the_boy_was_scared_of_the_weird_cat_that_lived_next_door.,12,70,,x,,
